,index,ax,ay,az,am,gx,gy,gz,gm,mx,my,mz,mm,label
2,2,-1.3821926666666666,-0.114917,9.793061,9.890788959147653,0.004599,-0.00043099999999999996,0.00503,0.00682916261338094,18.600048,-26.224472,-54.434853000000004,63.220549969236245,0
3,3,-1.367828333333333,-0.11372,9.781089999999999,9.876923011544102,0.00521,-0.001348,0.002892,0.006109408154641496,17.82336,-26.965484999999997,-53.966553000000005,62.906266664591016,0
4,4,-1.3502716666666668,-0.124493,9.781089999999999,9.874636887954502,0.009791,0.0032340000000000003,0.002281,0.010560558602649766,18.591648,-26.951218,-52.897652,62.210763651899754,0
5,5,-1.3351093333333335,-0.10534,9.775105,9.866422411825818,0.006737000000000001,0.005372,0.0019760000000000003,0.008840256161446907,16.950470000000003,-24.969421,-55.648143999999995,63.30486828784084,0
6,6,-1.323138666666667,-0.09337000000000001,9.781089999999999,9.870619812161161,0.007958,0.008121,-0.001384,0.011454076174008971,15.570469000000001,-26.025024,-53.17533100000001,61.21566144411165,0
7,7,-1.325931666666667,-0.100552,9.795455,9.88529939589077,0.0061259999999999995,0.007509999999999999,-0.003522,0.010311763185799022,19.225819,-25.635422,-54.132992,62.90618252772067,0
8,8,-1.351468666666667,-0.111326,9.807425,9.900729577454522,0.0058200000000000005,0.009953,-0.0074930000000000005,0.013750623913117543,16.623486,-26.132629,-54.569435,62.74613790077491,0
9,9,-1.3873803333333337,-0.112523,9.805031,9.903338756490667,0.005515,0.010564,-0.008104,0.014411389141925217,18.157055,-25.661209,-54.583954000000006,62.98876350500002,0
10,10,-1.4236910000000005,-0.095764,9.779894,9.883440365500922,0.004599,0.005065999999999999,-0.005965,0.009077245286979965,17.361923,-27.120421999999998,-54.11595500000001,62.97213864303831,0
11,11,-1.4456366666666671,-0.092173,9.765528,9.872380581841652,0.0033770000000000002,0.001707,-0.004438,0.005832137001134319,17.532288,-26.251114,-54.732063000000004,63.183073912179275,0
12,12,-1.4488286666666672,-0.11731099999999998,9.796652,9.903901089226412,0.004293,0.005983,-0.001384,0.007492769447941128,19.265079,-23.907470999999997,-54.901024,62.903361394607984,0
13,13,-1.4208973333333337,-0.126887,9.794258000000001,9.89760270536289,0.004599,0.001707,-0.002911,0.005704259022870542,17.546703,-25.969818,-53.65569300000001,62.138970255658265,0
14,14,-1.3861830000000002,-0.124493,9.775105,9.873686220331441,0.0061259999999999995,-0.0016530000000000002,-0.002911,0.006980988898429791,16.968918,-24.251220999999997,-55.647842000000004,63.029740736723085,0
15,15,-1.3642370000000001,-0.10534,9.784682,9.879890735675826,0.003988,-0.001042,-0.0023,0.004720159743059551,16.968918,-24.251220999999997,-55.647842000000004,63.029740736723085,0
16,16,-1.3654339999999998,-0.11970499999999999,9.779893,9.8754770207231,0.004599,-0.0044020000000000005,-0.0023,0.006768929383587924,18.145985,-26.092133,-54.584132999999994,63.16251856498126,0
17,17,-1.3622420000000002,-0.13407,9.787075999999999,9.88233447426467,0.004293,0.002012,-0.001384,0.0049389724639847905,18.925345999999998,-25.646942000000003,-53.51505699999999,62.2880059151385,0
18,18,-1.3658333333333337,-0.11850799999999999,9.7775,9.87314798281219,0.003988,-0.001042,-0.000468,0.004148364979121293,16.178795,-26.155029000000003,-52.720024,61.03474322222911,0
19,19,-1.367429666666667,-0.123296,9.791864,9.887652218367721,0.005515,0.00079,-0.000162,0.005573649522530099,17.548729,-25.531204000000002,-55.039265,63.15948827330128,0
20,20,-1.3706216666666666,-0.123296,9.796652,9.89283559278411,0.006431,0.00079,-0.001689,0.006695863051168236,17.830742,-26.678207,-53.96643100000001,62.78564934667137,0
21,21,-1.3682273333333332,-0.14005499999999999,9.793061,9.88917110724789,0.008569,0.007204,-0.000468,0.011204659789569695,16.9394,-25.400345,-55.648323,63.47327509425801,0
22,22,-1.3566556666666665,-0.114917,9.796652,9.890809417024059,0.0070420000000000005,0.009342,-0.000773,0.011724344629871642,17.823708,-26.672226000000002,-55.042685999999996,63.708629625498425,0
23,23,-1.3486753333333332,-0.11850799999999999,9.787075999999999,9.88027458781292,0.008875,0.004761,-0.001384,0.0101660317725256,17.697636,-25.377518,-56.116924,64.08068272927962,0
24,24,-1.3458823333333332,-0.120902,9.783485,9.87636549009846,0.008569,0.007204,-0.000162,0.011196053813732766,16.010136,-25.998352,-55.79349499999999,63.60151606502336,0
25,25,-1.359449,-0.126887,9.799046,9.893710345693673,0.007958,0.005983,0.0013650000000000001,0.010049342167525196,17.062458,-26.692474,-55.035336,63.50199878645818,0
26,26,-1.3786019999999999,-0.11850799999999999,9.79306,9.890329205040043,0.010707,0.003539,0.002892,0.011641650827953912,18.90287,-26.361725,-54.130352,63.105895499996116,0
27,27,-1.3961586666666665,-0.111326,9.795455,9.895079138531912,0.011623999999999999,0.001401,0.002587,0.011990527344533266,18.635284,-24.493103,-55.817886,63.74027221339944,0
28,28,-1.4089273333333334,-0.104143,9.788273,9.889702236042892,0.007958,0.0010960000000000002,0.004725,0.009319689104256642,18.16243,-25.372223,-54.891335,63.14017913776341,0
29,29,-1.4129173333333334,-0.10653699999999999,9.767923,9.870157306605188,0.009791,0.002012,0.005336,0.011330698169133268,18.902214,-26.067612,-55.360232999999994,64.04349683846618,0
30,30,-1.4021439999999998,-0.10294600000000001,9.788273,9.888725600307707,0.007653,0.003539,0.005336,0.009978267685324943,17.407219,-24.957275,-55.652554,63.427782678117495,0
31,31,-1.388178333333333,-0.10653699999999999,9.783484,9.882051831262629,0.009486,0.002012,0.004419,0.010656448798732156,17.574211,-24.818985,-53.962711,61.94198162129031,0
32,32,-1.3805969999999996,-0.135267,9.790667,9.888453142053462,0.009486,-0.001042,0.0019760000000000003,0.009745487981625138,16.209679,-24.273178,-55.332993,62.55941957723692,0
33,33,-1.3754096666666662,-0.114917,9.794258000000001,9.891028634000264,0.010707,-0.0016530000000000002,0.0031969999999999998,0.011295710114906455,17.370319,-26.393677,-55.653152,63.99708974068425,0
34,34,-1.3698233333333327,-0.108931,9.790667,9.886629467730366,0.010707,0.00017900000000000001,0.004725,0.011704593756299276,17.838798999999998,-26.24472,-54.427502000000004,63.00286542373137,0
35,35,-1.3594489999999995,-0.09815800000000001,9.781089999999999,9.875599129402984,0.009486,0.0038450000000000003,0.004725,0.011273590643623708,17.08091,-25.974273999999998,-55.035033999999996,63.20819063726102,0
36,36,-1.3594489999999995,-0.11372,9.784680999999999,9.879322653591286,0.008569,0.0032340000000000003,0.002281,0.009438722265222133,18.142985999999997,-25.649231,-56.736454,64.85426897577116,0
37,37,-1.367828333333333,-0.112523,9.805031,9.900618601176365,0.006737000000000001,0.00079,0.002281,0.0071564118103977226,17.850216,-25.520538000000002,-55.503452,63.64401978954822,0
38,38,-1.3782026666666665,-0.120902,9.815804,9.912823414669864,0.0061259999999999995,0.006899,0.002281,0.00950405376668293,18.306964999999998,-25.508377,-55.507862,63.77260390243132,0
39,39,-1.3865823333333331,-0.135267,9.779894,9.878625125979683,0.009179999999999999,0.004455,0.003503,0.010788439831597522,17.09198,-25.54335,-55.03485500000001,63.0351788639798,0
40,40,-1.3917696666666661,-0.100552,9.770317,9.86945934640021,0.010402,0.002928,0.005336,0.012051874708940513,17.526241,-26.68631,-53.96349300000001,62.70077225814073,0
41,41,-1.3989519999999995,-0.112523,9.788273,9.888377847066828,0.011318,0.00415,0.005640999999999999,0.013309414149390648,17.390781,-25.677185,-55.345356,63.441827874683135,0
42,42,-1.3829909999999996,-0.12569,9.817001,9.914735030054105,0.008569,0.006899,0.010222,0.015017098454761492,16.733791,-28.001038,-53.649181000000006,62.78783729576841,0
43,43,-1.369823333333333,-0.11012899999999999,9.811016,9.906794603374061,0.011929,0.005983,0.009612,0.016446515558014106,17.692249,-26.106842,-54.118473,62.636985829002775,0
44,44,-1.3746116666666663,-0.10534,9.784680999999999,9.881327644678983,0.012234,0.002928,0.010222,0.01620904759694412,16.64798,-24.979232999999997,-55.337704,62.95537152094573,0
45,45,-1.409725333333333,-0.10534,9.796652,9.898121662221868,0.01254,-0.001348,0.004725,0.013468271195665762,16.321667,-25.996230999999998,-54.720181000000004,62.74152571094372,0
46,46,-1.4496269999999998,-0.09815800000000001,9.802636999999999,9.90972984424207,0.014678,-0.000126,0.00503,0.015516457714310957,17.565154999999997,-25.251617,-53.655392000000006,61.84723051165977,0
47,47,-1.462794333333333,-0.120902,9.783484,9.892974463400384,0.019259000000000002,-0.006540000000000001,0.013277,0.024289080056683912,17.532288,-26.251114,-54.732063000000004,63.183073912179275,0
48,48,-1.4719716666666667,-0.09815800000000001,9.796652,9.907104823788707,0.014678,-0.012343000000000002,0.019385,0.027268508540072373,17.566517,-24.518875,-56.268841,63.84309060705156,0
49,49,-1.4484296666666665,-0.025138,9.815805000000001,9.922127202185484,0.006431,-0.012953999999999999,0.015109000000000001,0.020915203991355186,16.916573,-26.848709000000003,-53.496426,62.20041166909176,0
50,50,-1.4133163333333332,-0.068232,9.751163,9.853288715777072,0.010095999999999999,-0.020285,0.013277,0.026261933858724114,16.609070000000003,-26.413925,-55.645805,63.79664767265244,0
51,51,-1.3486756666666662,-0.050276,9.754755000000001,9.847674793577406,0.00521,-0.01326,0.0013650000000000001,0.014312055233264018,17.557774,-25.538895,-53.655514000000004,61.963091984344175,0
52,52,-1.2856309999999997,-0.067035,9.769119,9.853579390026093,0.000628,-0.015092,0.0013650000000000001,0.015166610465097334,16.623486,-26.132629,-54.569435,62.74613790077491,0
53,53,-1.2545076666666664,-0.080202,9.80982,9.89003489776095,-0.0018149999999999998,-0.013565,-0.0053549999999999995,0.01469624016543007,17.511166,-26.673477000000002,-56.269741,64.68693115426149,0
54,54,-1.2445323333333331,-0.203498,9.82179,9.902415410838717,0.000323,-0.006540000000000001,-0.001995,0.0068451409043203786,19.038349,-26.930511,-54.439564000000004,63.65043035107475,0
55,55,-1.265281333333333,-0.263351,9.815805000000001,9.900521117583043,0.0070420000000000005,0.0038450000000000003,0.00503,0.009469672064015734,16.808285,-24.541701999999997,-55.800243,63.23354094590211,0
56,56,-1.2720646666666664,-0.265745,9.814608,9.900267628446757,0.01254,0.009953,0.013277,0.020798859055246276,17.831764,-26.238739000000002,-55.503754,63.93050867742516,0
57,57,-1.2736606666666663,-0.190331,9.773909,9.858383971202164,0.018649000000000002,0.021254,0.013888,0.03150228977391961,17.424652,-24.678542999999998,-54.11493299999999,61.97640644243938,0
58,58,-1.2764536666666662,-0.162799,9.761938,9.84638365052834,0.020176,0.027974000000000002,0.014497999999999999,0.037414003474635006,17.688248,-25.663086,-56.424544999999995,64.46082049438965,0
59,59,-1.290818333333333,-0.13407,9.779894,9.86562280780111,0.01987,0.033777,0.012666,0.0411841011192426,18.140960999999997,-26.08786,-55.352886,63.8248610959093,0
60,60,-1.3343109999999996,-0.11850799999999999,9.794258000000001,9.885439785935121,0.020176,0.033166,0.01175,0.04056004230767024,16.156685,-26.136215,-56.102524,63.9658768710789,0
61,61,-1.3754096666666662,-0.120902,9.79306,9.889913710865436,0.020481,0.029806,0.013888,0.03873945715933562,15.894112,-24.712204,-55.330234999999995,62.64783099167428,0
62,62,-1.4053356666666665,-0.11850799999999999,9.779894,9.881059615916982,0.0159,0.020338,0.012055,0.028491529776408987,16.944426999999997,-25.404617000000002,-54.879574,62.80346975841776,0
63,63,-1.412917,-0.09337000000000001,9.805031,9.90674948289044,0.011929,0.007815,0.008084000000000001,0.016392874122618036,19.234867,-25.643112,-52.749244999999995,61.72545787292515,0
64,64,-1.4009466666666663,-0.03232,9.82179,9.921252690529782,0.011623999999999999,0.001401,0.004419,0.012514301338868262,17.665760000000002,-26.818207,-55.348774,63.99048434240458,0
65,65,-1.388178333333333,0.053867,9.814608,9.912440210790132,0.011013,0.0038450000000000003,0.0031969999999999998,0.012095081769049765,18.43808,-26.367034999999998,-55.355945999999996,64.0270574548959,0
66,66,-1.3913706666666663,0.123296,9.789471,9.88862258838497,0.008569,-0.002569,-0.001995,0.00916556310326867,16.925976000000002,-26.122818,-54.879875,63.092717201189906,0
67,67,-1.434065333333333,0.16639,9.789471,9.895351002981625,0.00185,-0.006235,-0.000162,0.006505687434852677,17.673801,-26.825043,-54.118774,62.934790640809524,0
68,68,-1.5461889999999998,0.19871,9.791864,9.915179609180916,0.000323,-0.007151,0.002892,0.007720414108064412,18.916301999999998,-25.639252,-54.898804000000005,63.47500614497902,0
69,69,-1.6658936666666664,0.136464,9.806227999999999,9.947659610175656,-0.052212,-0.036778,0.0031969999999999998,0.06394478115530618,18.615467000000002,-25.944031,-53.204731,62.05136386042946,0
70,70,-1.7552733333333332,-0.210681,9.627869,9.788832026326386,0.001544,-0.002875,-0.004438,0.005508666354027988,18.424656,-27.089508000000002,-54.58749399999999,63.66399212742188,0
71,71,-1.6419523333333332,-0.21906,9.717647999999999,9.857823157292017,0.007958,-0.048079000000000004,-0.008104,0.0494023766735974,17.068504,-26.257278000000003,-55.80390500000001,63.991048514744044,0
72,72,-1.5007006666666667,-0.190331,9.922342,10.036991538576626,-0.014643999999999999,-0.065794,-0.013296,0.06870284410415627,18.480995,-25.376082999999998,-52.741776,61.37742011723114,0
73,73,-1.3315176666666664,-0.220257,9.873261999999999,9.96507676655521,-0.003037,-0.048383999999999996,-0.010242,0.04954930260861397,19.05479,-26.210601999999998,-54.746761,63.61830333432058,0
74,74,-1.2285716666666664,-0.253774,9.790667,9.870711721456619,-0.004564,-0.02395,-0.000773,0.024393239329781522,19.05479,-26.210601999999998,-54.746761,63.61830333432058,0
75,75,-1.123630333333333,-0.216666,9.755953,9.822836057868,-0.0036479999999999998,0.0010960000000000002,0.005336,0.0065560671137504375,17.85725,-25.52652,-54.427204,62.71208126135279,0
76,76,-1.0673689999999998,-0.24060700000000002,9.735602,9.79689311021683,0.001544,0.012091,0.009306,0.015335509544843954,18.270065,-26.944778000000003,-55.508461,64.35064552249673,0
77,77,-1.1332066666666663,0.13885799999999998,9.801441,9.867709185521369,-0.062902,-0.014176,-0.015739,0.06637271051418647,18.418613,-27.524703999999996,-53.818923999999996,63.19280984138275,0
78,78,-1.2616899999999995,-0.09815800000000001,9.972617999999999,10.052592025094224,-0.126126,0.005372,-0.00566,0.12636717081584126,17.518517000000003,-27.266861,-52.88748199999999,62.02794450062756,0
79,79,-1.3514686666666662,-0.18674000000000002,9.698494,9.793984135816117,-0.029304000000000004,0.021254,0.005336,0.03659139008018143,17.544693,-25.968109,-53.96319200000001,62.40340558278045,0
80,80,-1.3694243333333327,-0.28010999999999997,9.742785000000001,9.842542566484052,-0.013727000000000001,0.042635,0.001059,0.044802848514352296,18.596027,-26.221054,-55.049854,63.74827306270313,0
81,81,-1.351867666666666,-0.211878,9.794258000000001,9.889384624213319,0.016816,0.05943300000000001,0.008084000000000001,0.062292940217973346,16.184841,-25.719832999999998,-53.48859399999999,61.51819711142391,0
82,82,-1.469178666666666,0.136464,9.840942,9.950942057174709,-0.013116,0.08906,-0.057277999999999996,0.10669808967362068,18.145985,-26.092133,-54.584132999999994,63.16251856498126,0
83,83,-1.4584053333333327,-0.24300100000000002,9.672158,9.784510002001127,-0.013116,0.032555,-0.042312,0.05497420144940716,18.305943,-25.947845,-53.970543000000006,62.619627282331564,0
84,84,-1.4384543333333326,-0.494381,9.833761,9.950699414984228,0.007958,0.012091,-0.043227999999999996,0.0455870818214985,17.403183,-25.39418,-54.576485,62.660417101700766,0
85,85,-1.3151583333333328,-0.17716300000000001,9.840942,9.930013475200782,-0.014643999999999999,-0.006540000000000001,-0.027039999999999998,0.03143851039728186,17.412247,-24.961548,-54.883804000000005,62.75744709319947,0
86,86,-1.4376563333333328,-0.067035,9.755952,9.861538868265058,-0.000594,-0.095421,-0.057584,0.11145150125951647,17.705676999999998,-25.384369,-54.886925,63.011361860478104,0
87,87,-1.4779569999999993,0.168784,9.875657,9.987063938623503,-0.066872,-0.132378,-0.08354500000000001,0.1702221087080054,16.650997,-24.981796,-54.876453000000005,62.55214565737001,0
88,88,-1.4536169999999995,-0.471637,9.761938,9.880833839221365,-0.025028,-0.06365599999999999,-0.044755,0.08174042540261214,18.309978,-25.510941,-55.046616,63.37344347688092,0
89,89,-1.2604929999999996,-0.550643,9.726027,9.82281281106522,0.03728,-0.003486,0.0041140000000000005,0.0376679650631674,16.931,-26.12709,-54.111121999999995,62.4283358497324,0
90,90,-1.1363989999999997,-0.081399,9.787075999999999,9.853166248175151,0.062020000000000006,0.04294,0.013581999999999999,0.07664720949910701,16.94207,-25.696167000000003,-54.110943000000006,62.252075360794514,0
91,91,-1.1088666666666664,-0.143646,9.805031,9.868579045066287,0.032698000000000005,0.019116,0.009612,0.039076478909952986,16.94207,-25.696167000000003,-54.110943000000006,62.252075360794514,0
92,92,-1.2425373333333332,-0.387844,9.850519,9.93614847727348,0.025979000000000002,-0.016619,-0.016045,0.034764085303657856,18.185902,-24.658295000000003,-54.12228399999999,62.1930877930762,0
93,93,-1.2313649999999998,-0.6667569999999999,9.734406,9.834606491014778,-0.008229,-0.113747,-0.058804999999999996,0.12831260450555898,16.949451,-25.40889,-54.110825,62.13595547196587,0
94,94,-1.2249809999999999,-0.11850799999999999,9.929525,10.005502951978476,-0.012506,-0.170557,-0.060332000000000004,0.1813450868068942,18.120155,-27.097609999999996,-54.584553,63.57746386217316,0
95,95,-1.0933053333333334,0.181951,9.74877,9.81157170035444,-0.021974,-0.11038699999999999,0.002281,0.11257597170799813,17.69426,-26.108551000000002,-53.810974,62.37278408966428,0
96,96,-1.0498123333333336,-0.520716,9.61111,9.682287256633877,-0.087336,-0.16505899999999998,-0.011158,0.18707365218276997,16.340118,-25.278029999999998,-54.719882999999996,62.451932335745326,0
97,97,-1.0573933333333336,-0.9456690000000001,9.881642,9.982946415517954,-0.055265999999999996,-0.198352,-0.07285499999999999,0.2184163402426659,17.725792000000002,-24.961136,-53.502995,61.64278130006615,0
98,98,-0.9927526666666667,-0.925319,9.894810000000001,9.987444019619575,-0.017087,-0.23592,0.002281,0.2365489694122551,17.398823,-25.684020999999998,-54.115353000000006,62.37675373749727,0
99,99,-0.9564423333333334,-0.24300100000000002,9.782287,9.831936247421568,-0.003343,-0.24599899999999997,0.10918299999999999,0.26916093910335503,16.648972,-25.42041,-53.492886,61.52133260775387,0
100,100,-0.8171856666666667,-0.464455,9.922342,9.966763849203735,0.010402,-0.264325,0.114069,0.28807576085120384,17.682198,-26.098297,-55.655975,63.96380840453481,0
101,101,-0.8770383333333333,-0.667954,9.813410000000001,9.875139219897212,0.077902,-0.226451,0.066727,0.24859861128735214,16.035275,-25.579391,-53.640812,61.55300155374918,0
102,102,-0.9109546666666667,-0.44889399999999996,9.532103999999999,9.586049806608234,0.021703,-0.312278,0.11926199999999999,0.33498058770173533,16.940044,-26.134781,-52.727375,61.238614803329135,0
103,103,-0.964423,-0.42734700000000003,9.874460000000001,9.930644363430705,-0.063207,-0.321441,0.157441,0.36346541762731704,16.809948000000002,-24.83667,-54.416615,62.13374700201034,0
104,104,-0.995546,0.258563,9.964239,10.017186506809484,-0.014949,-0.17513900000000002,0.28236300000000003,0.33260487923510684,17.409229,-24.958984,-55.345055,63.15937974394399,0
105,105,-0.9787873333333333,0.585357,9.946283,10.011454089063774,0.042472,-0.015092,0.3688,0.37154418209413537,15.287795999999998,-24.583907999999997,-55.47804300000001,62.57714034853247,0
106,106,-0.9640236666666665,0.16758699999999999,9.876854,9.925203875476736,0.062936,0.079592,0.349558,0.3639871177995177,15.4538,-24.00444,-55.633022,62.530522235193935,0
107,107,-0.8167866666666667,0.446499,9.86249,9.906321760166355,0.067518,0.07256699999999999,0.39140199999999997,0.40375757010488356,15.279392000000001,-25.310654,-53.940842,61.51181562485653,0
108,108,-0.8088063333333334,0.06942899999999999,9.948677,9.98174143730492,0.028422000000000003,0.044773,0.402398,0.4058775455934954,14.640857999999998,-26.916306,-52.244372999999996,60.566630761706804,0
109,109,-0.8810283333333334,-0.35552399999999995,9.848125,9.893845271396613,0.025673,0.015451,0.441493,0.44250865006121637,15.272015,-25.597931,-53.940964,61.628857776939874,0
110,110,-0.9708070000000001,-0.3651,9.838549,9.89306881946396,0.067212,-0.035251,0.586268,0.5911600914887607,15.854854999999999,-26.440154999999997,-54.562206,62.66970996487447,0
111,111,-0.948063,-0.70985,9.929524,9.999907866627822,0.085538,-0.039832,0.72188,0.7280206535998824,13.269287,-26.364502,-54.690903000000006,62.14704992316033,0
112,112,-0.8794320000000001,-0.447696,9.863688,9.912929602916789,0.09439600000000001,-0.03128,0.915524,0.92090891937911,14.515129,-25.328339,-54.394741,61.73331009141373,0
113,113,-0.6775300000000003,0.290883,9.910372,9.937762977600794,0.105697,0.022171,0.983024,0.9889386197464431,14.507751,-25.615616,-54.394863,61.85010705670788,0
114,114,-0.7820723333333337,-0.11611400000000001,9.660189,9.692490449377933,-0.021974,0.01087,0.798238,0.7986143739127164,15.085551999999998,-26.893890000000003,-54.093784,62.2655014106163,0
115,115,-1.028265666666667,-0.378268,9.95945,10.019533984351241,-0.018614,0.008426000000000001,0.761891,0.7621649259530381,13.263241,-26.799698,-53.922332999999995,61.65837632372566,0
116,116,-1.176699666666667,0.406997,9.68413,9.763843634575599,-0.0012050000000000001,-0.052966,0.739595,0.7414901302148262,12.816895,-26.527145,-53.456554000000004,61.03740971606648,0
117,117,-0.9983393333333335,0.494381,9.969027,10.031081363660174,-0.07786799999999999,-0.147039,0.501969,0.5288258408077275,12.816895,-26.527145,-53.456554000000004,61.03740971606648,0
118,118,-0.8542943333333334,0.047882,10.055214,10.091552907243038,-0.018614,-0.09175599999999999,0.24846,0.2655146250811808,13.102943,-27.237244,-53.459796999999995,61.41257583962745,0
119,119,-0.775289,0.763718,9.880445,9.940197765390284,-0.00884,-0.048995,0.060924,0.07867902770751554,12.808838,-26.960632,-52.99548299999999,60.823212897321994,0
120,120,-0.8878116666666668,-0.09815800000000001,9.963041,10.00300107548302,-0.025334,-0.069459,-0.089959,0.11644305869393846,12.768921,-28.394470000000002,-53.457336,61.862573841556554,0
121,121,-0.7629196666666666,-0.192725,10.022894,10.053735299810105,0.014372999999999999,-0.038916,-0.08721,0.09657443908716218,13.546268,-27.947556,-52.695755000000005,61.16706514228867,0
122,122,-0.6946879999999999,-0.553037,9.921145,9.96080114507553,0.032698000000000005,0.048132,-0.096984,0.11310059630258365,12.748463000000001,-29.110962,-53.765133,62.45527154640752,0
123,123,-0.6887026666666666,-0.521914,9.936707,9.974209321561222,0.0049039999999999995,0.148925,-0.10675799999999999,0.18330296070985871,9.712521,-28.759308,-54.043053,61.984533864304524,0
124,124,-0.47482966666666654,0.665559,9.473448,9.508661788260836,0.0049039999999999995,0.07103999999999999,0.042293,0.08282166784724876,12.609962,-28.539581,-53.917170999999996,62.29430274062184,0
125,125,-0.6392243333333332,-0.180754,9.590759,9.61373694007291,-0.110549,-0.038305,0.13483900000000001,0.17852145626506635,12.14819,-28.547455,-54.681511,62.86973319886324,0
126,126,-0.7705006666666665,-0.337568,9.971422,10.006841666282213,-0.186907,-0.075568,0.392624,0.4413596658610752,10.308784,-28.879074,-55.432743,63.348724842416374,0
127,127,-1.0490143333333333,-0.70985,9.874460000000001,9.955364302005165,-0.062902,-0.057547,0.9045280000000001,0.9085368575886177,10.045879,-27.307983,-55.27539399999999,62.466109229454695,0
128,128,-0.9396836666666667,-0.42734700000000003,9.825380000000001,9.879459651023893,0.108751,-0.083509,1.3632879999999998,1.3701659403247475,11.119339,-27.139404,-54.670624,62.040825895707684,0
129,129,-0.6476036666666667,0.191528,9.72842,9.751832093522946,0.324081,-0.100613,1.2072120000000002,1.2539985180509585,11.116985000000001,-27.430969,-53.901993000000004,61.493660365449344,0
130,130,-0.7385793333333334,-0.099355,10.243151,10.270224596203,0.252915,-0.023033,0.9598120000000001,0.9928421786255861,10.629726,-28.151077,-55.742886,63.34621970334142,0
131,131,-0.8455159999999999,0.6918949999999999,10.022894,10.082262649451115,0.201603,0.051798000000000004,0.659877,0.6919280725205476,10.651173,-27.875747999999998,-53.590263,61.338577593913946,0
132,132,-1.0314576666666666,0.205893,10.075564,10.130315235157811,0.24130900000000002,0.081424,0.302216,0.3952143872798661,10.46875,-28.734787,-54.819153,62.77278268593227,0
133,133,-0.7792793333333333,0.717033,9.94389,10.000118046030728,0.15853699999999998,0.082952,0.161106,0.2407699273352052,11.23,-28.714539000000002,-54.82650400000001,62.90137670070933,0
134,134,-0.8606786666666668,0.8020229999999999,10.018106,10.086944853969417,0.06935,0.12387999999999999,-0.047504000000000005,0.14970740434594407,9.725947999999999,-28.036834999999996,-54.811504000000006,62.329440492097675,0
135,135,-0.8383336666666669,0.44530200000000003,9.887628999999999,9.933091384333064,0.096839,0.166946,-0.08782100000000001,0.21204076701898625,9.684021000000001,-29.468964,-55.580853000000005,63.650854842408414,0
136,136,-0.9488610000000003,-0.8331459999999999,9.667371000000001,9.749488781791486,0.010402,0.142511,-0.22160100000000002,0.26367515985773105,10.50565,-27.298401000000002,-54.818554000000006,62.13409081760364,0
137,137,-0.8746440000000003,-0.660771,9.907978,9.968432599444158,-0.088864,0.125712,-0.27505100000000005,0.3152036961093572,9.232296,-29.485382,-54.80769300000001,62.91666117253673,0
138,138,-0.7337913333333336,0.16639,9.751163,9.780149038002648,-0.045187,0.016978,-0.293988,0.29792459045369185,8.161175,-29.802734,-54.490025,62.64160403243204,0
139,139,-0.7262100000000001,-0.968413,10.014515,10.08740379819773,-0.063513,0.070734,-0.49862799999999996,0.5076091826484229,10.300385,-29.60582,-53.895542000000006,62.3484719659944,0
140,140,-0.7118453333333337,-0.8606790000000001,9.870869,9.933858612583052,0.025979000000000002,0.18343900000000002,-0.553606,0.5837845307971085,7.693356,-30.245789000000002,-54.48579399999999,62.79090082635933,0
141,141,-0.7992300000000002,0.493184,9.666174,9.711689803995595,0.027812,0.184355,-0.4858,0.5203478772600115,8.71751,-31.796646000000003,-54.650493999999995,63.825529154825276,0
142,142,-0.7106483333333337,1.316754,9.807425,9.920909599467704,-0.096194,0.278123,-0.49923900000000004,0.5795215853495019,7.988136,-30.376236,-55.41129300000001,63.69409252210162,0
143,143,-0.8235700000000002,1.351469,9.574,9.703927658575212,0.005515,0.12601800000000002,-0.224044,0.2571121651828244,7.988136,-30.376236,-55.41129300000001,63.69409252210162,0
144,144,-1.1954533333333337,1.709387,9.874460000000001,10.09237696875948,0.057438,0.052103,-0.055751,0.0955092689428623,7.553841,-30.113907,-53.100513,61.51075019475132,0
145,145,-1.590479666666667,1.605243,10.033669,10.28498635199338,0.042167,0.079592,0.025189,0.09352768613624524,9.825184,-30.336182,-53.891434,62.61872593360021,0
146,146,-1.6770663333333335,1.2461280000000001,9.959452,10.176250322151482,0.067518,0.177025,0.153776,0.2440155509900957,8.907635,-31.237701,-51.115475,60.56345192881802,0
147,147,-1.259695,1.733328,9.643429,9.878612267249382,0.074237,0.35570300000000005,0.5141859999999999,0.6296213139451364,9.041447,-31.51152,-52.808310999999996,62.15658748062774,0
148,148,-0.9149450000000002,0.16758699999999999,9.321424,9.367718780117707,0.029033,0.356619,1.052052,1.1112305957603938,11.251446000000001,-28.43924,-52.673885,60.90914192353838,0
149,149,-0.9819796666666667,-1.301193,9.557241000000001,9.695269094825415,0.0021550000000000002,0.309888,1.7148400000000001,1.7426162636016571,9.208473,-30.492584,-54.500614,63.12614815087153,0
150,150,-0.8874126666666666,-1.632775,9.564425,9.74328902487299,-0.158808,0.21642600000000004,1.9087900000000002,1.9275734638244013,11.194763,-30.445922999999997,-53.443474,62.51785232345057,0
151,151,-1.0502113333333332,-1.36703,9.79306,9.94362806168663,-0.14659,-0.056326,1.466218,1.4746038348993942,12.242405,-30.842499,-54.530193000000004,63.83320588350765,0
152,152,-1.258897,-0.743368,9.98818,10.094610312064205,-0.07084299999999999,-0.191938,0.9650040000000001,0.9864540772428285,11.791012,-31.005981,-53.14209399999999,62.64567803497174,0
153,153,-1.6982143333333333,0.9420780000000001,9.90678,10.095332230710525,0.16586700000000001,-0.333964,0.563971,0.676096963331444,9.834572,-30.050597999999997,-53.583813,62.217218374014095,0
154,154,-1.8071456666666663,1.22937,9.901993,10.14034473918422,0.242225,-0.334574,0.159579,0.4428071468958016,10.778271,-28.730957,-54.05334499999999,62.15627982412006,0
155,155,-1.572923,1.212611,10.032471000000001,10.227169039724092,0.07118300000000001,-0.181553,-0.159598,0.25199212865087667,10.754452,-29.738159000000003,-53.746265,62.35926025843965,0
156,156,-1.7855986666666668,0.5410659999999999,10.080353,10.251567276244486,-0.063818,-0.11344100000000001,-0.5065689999999999,0.5230236604265623,11.167266999999999,-31.156433000000003,-54.827521999999995,64.04286328852936,0
157,157,-1.9432103333333337,0.141252,9.996559,10.184655633233676,-0.10566199999999999,-0.001959,-0.549024,0.559102538449791,9.939861,-31.914719,-53.432316,63.02668100631777,0
158,158,-1.710982666666667,-1.446036,10.139008,10.383542989894817,-0.000594,0.210011,-0.484883,0.5284094024958299,10.733994000000001,-30.454651000000002,-54.054062,62.96464097748578,0
159,159,-1.173906666666667,-0.922925,9.48901,9.605787744780198,0.191218,0.222534,-0.40119499999999997,0.49703433755124,10.756461999999999,-29.739867999999998,-53.438766,62.095595133774374,0
160,160,-0.5518400000000003,-0.974398,9.627869,9.69277258214413,0.14998399999999998,0.21917399999999998,-0.309871,0.40810841595463326,9.695736,-29.772491,-52.659725,61.265448288594136,0
161,161,-0.5865543333333337,-1.84585,9.715252,9.906428702209293,0.043389,0.272625,-0.144021,0.31136641499525924,9.693726,-29.770782,-52.967224,61.52881116128261,0
162,162,-0.8383336666666671,-2.1654619999999998,9.710464,9.984244593628842,0.014372999999999999,0.24727399999999997,-0.028567000000000002,0.24933328637388147,8.39489,-32.669998,-54.032913,63.69739896336171,0
163,163,-1.3897743333333337,-2.459937,11.017643,11.374147001732046,0.088287,0.37769400000000003,0.136977,0.41135149268478416,7.174202,-32.846909000000004,-53.867461999999996,63.498756424929525,0
164,164,-1.5406026666666672,-1.505888,8.891684,9.148945272595112,-0.032359,0.286675,0.492195,0.5705134341371814,5.499123,-32.744385,-54.466236,63.78876050531982,0
165,165,-1.5793073333333336,-0.977989,10.22759,10.394915648784334,-0.058015,0.37097399999999997,0.5822970000000001,0.692861634895453,7.043091,-31.988251,-54.01938199999999,63.173942132300134,0
166,166,-1.8334810000000006,-1.7464950000000001,10.251532000000001,10.559630945701182,0.10081,0.391744,0.7551720000000001,0.8566859209885499,6.6047899999999995,-31.282196000000003,-54.014675,62.76769991709224,0
167,167,-2.500237333333333,-1.504691,9.922342,10.342540910890262,0.0033770000000000002,0.732912,1.1583430000000001,1.3707406426899291,8.697047999999999,-32.513138,-54.958293999999995,64.44499100715107,0
168,168,-2.1131913333333334,-0.464455,9.953465,10.185909952700598,-0.166138,0.89418,0.982719,1.338990791755119,9.142056,-33.078094,-54.50169399999999,64.40630512185594,0
169,169,-2.0317916666666664,1.935629,8.69417,9.135832145528786,-0.186602,0.502005,0.7545609999999999,0.9253062353350916,9.454941,-32.783584999999995,-54.350761,64.1729271269811,0
170,170,-0.9859696666666663,3.8329519999999997,9.011388,9.842193399056676,-0.099248,0.526439,0.8165640000000001,0.9766089044858234,9.590408,-33.792694,-52.968903000000005,63.558058327858866,0
171,171,0.7792793333333335,5.302929,9.161017999999999,10.613792114730975,-0.105968,1.045369,-0.728008,1.278288391267401,9.006229,-32.802582,-53.116352,63.07510124014918,0
172,172,0.6025150000000002,6.295282,9.879249,11.730011107784597,-0.233944,1.406695,-1.8373380000000001,2.3257969697299465,7.627250999999999,-33.418701,-52.180865999999995,62.432582125476415,0
173,173,-0.9025749999999997,5.008454,9.949875,11.175834000931028,-0.08428200000000001,1.171513,-1.589327,1.9762354307172008,8.411976,-32.684525,-51.419163,61.50585206564307,0
174,174,-4.2295739999999995,1.545391,9.875658,10.853854177080185,0.311253,0.579279,-0.569183,0.8697194244921749,7.15274,-33.562546000000005,-54.329014,64.25922459633257,0
175,175,-4.168923666666665,-0.523111,9.935511,10.787397669870867,0.8927959999999999,0.893875,0.44179799999999997,1.338388092462347,8.831164999999999,-33.814651,-52.654056999999995,63.19707126179404,0
176,176,-3.615088999999999,0.107734,8.512217999999999,9.248693441357053,1.53176,1.276581,0.5713020000000001,2.0742067694337996,9.406971,-34.650894,-54.35154300000001,65.1403545037554,0
177,177,-3.181358333333332,0.667953,8.508627,9.108454066437808,2.2388369999999997,0.97909,0.6968340000000001,2.5409812994638505,8.641354,-34.961014,-53.88306,64.80995026865173,0
178,178,-3.6609759999999993,1.739313,9.064058000000001,9.929003092552092,2.8817720000000002,0.9390790000000001,0.9265200000000001,3.1693719470306734,9.030022,-37.239395,-55.272186,67.25569405266074,0
179,179,-3.767912333333333,2.996214,9.869672,10.981115019571803,3.135281,1.251536,1.204157,3.5841768077071756,8.318073,-35.540222,-54.495365,65.58995749903973,0
180,180,-3.5528426666666655,3.656986,7.783214999999999,9.304551217254279,2.3252740000000003,1.6250799999999999,1.079541,3.0353241922662892,6.927364,-36.293167,-54.78993199999999,66.08418109837639,0
181,181,-3.6861143333333324,2.668223,7.9196789999999995,9.133902140880174,1.213805,0.6648,0.771971,1.5846831995279056,9.340218,-37.089355,-54.967564,66.96486406092113,0
182,182,-4.184884999999999,2.6801939999999997,8.799509,10.105842912985635,0.616991,0.025225,0.574661,0.8435339113675276,12.854721000000001,-36.419952,-55.308636,67.45889097702869,0
183,183,-4.776227333333332,3.31463,8.9659,10.685807521501612,-0.005175,-0.202628,0.40270300000000003,0.4508376572758758,15.610641000000001,-36.066589,-54.104973,66.87181063689341,0
184,184,-4.769044999999998,3.695292,8.476307,10.404170007047078,-0.395823,-0.386498,0.195009,0.5865876417160525,13.021713,-36.281662,-53.618793000000004,66.03710297789767,0
185,185,-4.7427096666666655,3.945475,8.427228,10.44405283986549,-0.795329,-0.8351780000000001,-0.265278,1.1834031127257525,14.94125,-38.673446999999996,-53.177673,67.42952884396595,0
186,186,-4.146179999999998,1.857821,9.17658,10.239723041022202,-0.978283,-1.101515,-0.598504,1.5901509240729321,16.272903,-40.659073,-51.192997,67.36980429768775,0
187,187,-3.108736999999999,0.824767,9.879249,10.389612463583953,-0.801132,-1.417638,-0.7808470000000001,1.805888152094974,16.267178,-41.681656,-48.118415999999996,65.70664719292164,0
188,188,-2.0230133333333327,-0.403406,9.826578,10.040764639098182,-0.528075,-1.5437809999999998,-0.83552,1.8330893737038574,16.490826000000002,-44.980682,-47.507732,67.46994660685026,0
189,189,-2.0593239999999997,-1.0055209999999999,10.680075,10.92318130509798,-0.165527,-1.288745,-0.754275,1.502395965908788,16.173561,-46.005402000000004,-45.506462,66.70021868299811,0
190,190,-2.9391553333333333,-0.739776,9.885233,10.33942619626093,-0.020447,-0.685822,-0.46228100000000005,0.8273292080266477,16.966938,-51.456512,-42.442562,68.82601747468635,0
191,191,-3.5281036666666665,1.199443,9.957057,10.631517440809887,0.07943,-0.033724000000000004,-0.23015300000000002,0.24579836550514328,16.564865,-49.460266,-41.976063,66.95298746313678,0
192,192,-3.357324333333333,2.902845,9.571608,10.550536264990567,0.236727,0.51636,-0.123557,0.581320612380122,15.372681,-48.927505,-40.272816,65.20827995908681,0
193,193,-2.746829333333333,4.412324,8.767189,10.192020282022472,0.264827,0.549041,-0.123557,0.6219692049121082,16.110111,-49.914459,-39.973083,65.94570689756758,0
194,194,-2.2053639999999994,4.945011,7.843067,9.530501777404272,0.045527,-0.12138299999999999,-0.332473,0.35685408243005995,14.691231,-51.524109,-41.190509999999996,67.58124141061143,0
195,195,-1.7804116666666665,4.654128,8.177044,9.575741314442594,-0.186907,-0.44055900000000003,-0.8871379999999999,1.0079882391050006,15.325729,-50.355362,-41.810913,67.22122356388682,0
196,196,-1.7125786666666665,3.9897660000000004,8.410469,9.465048717478362,-0.341762,-0.714532,-1.2014280000000002,1.4390227527221382,13.864628,-47.806061,-42.563885,65.49298958062099,0
197,197,-1.8147266666666664,3.8317550000000002,9.34297,10.259954564988876,-0.467905,-0.779284,-1.2341090000000001,1.532724262730254,15.090335999999999,-47.633453,-41.960583,65.24840696136569,0
198,198,-2.139127,4.07715,10.22759,11.216176427496537,-0.432475,-0.810133,-1.321768,1.6094784090313237,13.059441,-49.256744,-43.633385,67.08686991708767,0
199,199,-2.4048719999999997,3.670153,11.108619000000001,11.943820513845393,-0.152088,-0.8137979999999999,-1.358725,1.5910787441773584,14.620204999999999,-47.047104,-46.260933,67.58146425654988,0
200,200,-2.6315136666666663,3.868864,10.992503999999998,11.946887335970212,0.264216,-0.8577799999999999,-1.25274,1.5410886186900479,13.040992999999999,-49.974945,-43.633682,67.61257894102397,0
201,201,-2.5884196666666663,4.675674,11.215156,12.423428183452376,0.580033,-0.9686520000000001,-1.224641,1.6656742049614626,13.774085999999999,-50.371063,-46.254963000000004,69.76023964277026,0
202,202,-2.1594769999999994,5.30652,11.343241,12.707934993853645,0.77215,-0.756682,-1.4812040000000002,1.8337798562641048,13.047379,-49.24649,-45.478382,68.29153758283427,0
203,203,-1.7752239999999997,4.832488,11.087071,12.224054314316547,1.000614,-0.6378689999999999,-1.9643979999999999,2.2949868715443666,14.261673000000002,-49.798035,-43.799133000000005,67.83512112594657,0
204,204,-1.7963719999999999,3.715641,10.074368,10.886956921136825,1.302075,-0.713616,-2.307093,2.7435971299974056,10.914528,-49.595566,-44.535423,67.5444371514936,0
205,205,-2.2253146666666668,2.736455,8.981461999999999,9.649190172763243,1.479837,-1.085022,-2.363903,2.9925286432149654,11.658348,-49.854065000000006,-46.080395,68.88212887585107,0
206,206,-2.7292726666666667,2.127157,8.246473,8.943044399497957,1.485335,-1.287218,-2.205078,2.953898987411892,11.516842,-49.280136,-46.693684000000005,68.85832977442392,0
207,207,-3.0401066666666665,2.046955,7.7006190000000005,8.528294454338283,1.303908,-1.366019,-1.8895669999999998,2.671450435309253,10.950439,-47.718002,-46.379642,67.43879463048616,0
208,208,-3.125496333333333,2.353399,8.113601,9.00764871484685,0.933419,-1.3519700000000001,-1.611013,2.300968664851827,11.556095,-47.552170000000004,-47.461712,68.1715945928278,0
209,209,-2.9395543333333336,2.92918,8.710928,9.648903656488791,0.569343,-1.105486,-1.4863959999999998,1.9379431923204042,11.811634,-48.970215,-49.310253,70.49182722713456,0
210,210,-2.5134046666666667,3.244004,9.153836,10.03162392064883,0.45388999999999996,-0.873052,-1.518161,1.809156916556715,10.78043,-47.853729,-48.530731,69.00310791250422,0
211,211,-2.0122400000000003,3.575587,10.088733,10.89111866418955,0.5641510000000001,-0.790585,-1.675764,1.9368727311627887,10.78043,-47.853729,-48.530731,69.00310791250422,0
212,212,-1.7760223333333336,2.9124209999999997,10.557976,11.095373298195774,0.723892,-0.417652,-1.761591,1.9497834936343572,9.144245,-46.756821,-47.130333,67.01556397835472,0
213,213,-1.6363666666666667,2.390508,9.087999,9.538550738442543,0.8188810000000001,-0.08748,-1.812903,1.9911896268236233,10.839127000000001,-45.84874,-47.453644,66.86884149279442,0
214,214,-1.645145,3.5073550000000004,8.688185,9.512759839356558,0.946858,-0.513252,-1.7426540000000001,2.048611884028793,11.909901,-45.824661,-46.695183,66.49951438167207,0
215,215,-1.5014990000000001,3.581572,9.346561,10.121282515813201,1.282222,-1.09113,-1.500751,2.2554182534920213,12.526264,-45.961502,-45.009876,65.53820178666086,0
216,216,-1.1778966666666668,3.601922,9.242417999999999,9.989172795489745,1.535426,-1.2633940000000001,-1.5404579999999999,2.5152948635251495,13.296921,-45.215363,-46.400673,66.13818574889198,0
217,217,-1.0745513333333336,3.3266,8.43441,9.130180730745062,1.606286,-1.595094,-1.63392,2.7918048192937843,15.427745999999999,-45.304885999999996,-45.960064,66.35416735215361,0
218,218,-1.033452666666667,3.9622339999999996,8.792328,9.699090387483789,1.581546,-1.8999150000000002,-1.554813,2.920343853437468,14.849582999999999,-44.760193,-43.493946,64.1537865704126,0
219,219,-1.156349666666667,4.121441,9.079619000000001,10.038072606493845,1.266645,-1.69833,-1.603377,2.656978010645553,14.849582999999999,-44.760193,-43.493946,64.1537865704126,0
220,220,-1.1838816666666672,4.7355279999999995,9.583577,10.755080164944491,0.819187,-1.240181,-1.463183,2.0856703347410877,15.138649,-45.472854999999996,-43.035934000000005,64.41312638467863,0
221,221,-1.1687190000000005,4.99409,9.824183999999999,11.082483038332022,0.626459,-0.930167,-1.171801,1.621967666191592,15.929749,-44.450531,-42.427864,63.48015637179431,0
222,222,-1.130413333333334,4.985711,10.297019,11.496249334720424,0.587974,-0.635731,-1.153169,1.4421047366949462,16.377453,-44.430695,-43.816025,64.51473995724434,0
223,223,-1.180290666666667,4.414718,9.844534,10.853463537253923,0.5464359999999999,-0.051439,-1.179131,1.300610698086864,16.550495,-43.857224,-42.894753,63.540025312099225,0
224,224,-1.444439666666667,4.280648,9.068846,10.131846871240215,0.441367,0.370058,-0.8791969999999999,1.0510638024696692,17.030720000000002,-43.131149,-42.130112,62.65211708243501,0
225,225,-1.7069926666666673,4.810942,8.657061,10.050059305752319,0.441978,0.400296,-0.536196,0.8019274222247298,18.129333,-42.103302,-41.063732,61.54340614636077,0
226,226,-1.3690256666666674,5.562689,8.376951,10.148450534101947,0.49115200000000003,0.107386,-0.37645500000000004,0.6280767525748745,19.038142999999998,-42.221802000000004,-41.22636,62.00600141813092,0
227,227,-0.774890333333334,5.788931,8.816269,10.575385394008837,0.528721,-0.163838,-0.515121,0.7561338709025011,20.2766,-41.4729,-40.930321,61.69629745076313,0
228,228,-0.7070573333333341,5.074292,8.921610000000001,10.288026747923261,0.5925560000000001,-0.322052,-0.5215350000000001,0.8525484502742353,18.136372,-42.109283000000005,-39.987484,60.83681928525463,0
229,229,-1.0542016666666674,5.010848999999999,9.473448,10.768758789364156,0.682353,-0.344348,-0.258253,0.806768723812469,21.024426000000002,-42.175125,-40.169224,61.92200105097765,0
230,230,-1.2333600000000007,5.271806,9.729617999999999,11.13456697932883,0.872332,-0.117717,-0.110729,0.8871760376351471,19.464679999999998,-43.945282,-39.078995,61.94537454703094,0
231,231,-0.9704083333333341,4.98212,8.688185,10.062195119457174,0.9706809999999999,0.165113,-0.1822,1.0013394761667993,20.404346,-43.062576,-38.472454,61.24420384187885,0
232,232,-0.5953326666666674,5.683591000000001,7.397765,9.347970615834566,0.8680559999999999,0.254605,-0.24970100000000003,0.9384537892522998,19.839291,-41.208023,-39.080791,60.15818192180421,0
233,233,-0.5059530000000008,6.292889,6.917748,9.3654512862987,0.507035,0.145565,-0.40669299999999997,0.6660877244770391,21.324894,-42.603928,-39.096092,61.6307568898264,0
234,234,-0.6527910000000007,6.011582,7.8370820000000005,9.89874277406626,0.241614,0.204819,-0.523368,0.6117533908210072,20.561283,-42.915726,-38.320114000000004,61.097929864162836,0
235,235,-0.9879650000000008,5.320885,7.874191000000001,9.554620658557356,0.209238,0.34654,-0.5215350000000001,0.6602039597495611,22.236362,-43.01825,-37.721344,61.383429532927536,0
236,236,-1.3794000000000006,5.378343,7.586899000000001,9.401614447628132,0.15853699999999998,0.44702700000000006,-0.479997,0.6748068161385153,23.041889,-41.274307,-37.727973999999996,60.48055132985517,0
237,237,-1.5066863333333338,5.743443,7.390583,9.480398635141427,0.06935,0.47207200000000005,-0.47175,0.6709764959996737,21.978817000000003,-41.598511,-36.180305,59.35081283377368,0
238,238,-1.4320703333333338,5.714714,7.4217059999999995,9.475785006628497,-0.101997,0.649529,-0.617136,0.9017472774264417,23.482868,-42.276199,-36.195305,60.40548150156614,0
239,239,-1.3694246666666672,5.516004,7.313972,9.26260279092627,-0.325879,0.919225,-0.7469439999999999,1.2284531177061662,22.119320000000002,-42.17157,-35.720764,59.52880491216833,0
240,240,-1.5565633333333337,5.161677,6.745373,8.635152330569262,-0.43217,0.9344969999999999,-0.7942859999999999,1.3003637190051867,24.574108,-41.535629,-35.129044,59.692084841922224,0
241,241,-2.052939666666667,4.888749,7.100897,8.86211973878617,-0.44560900000000003,0.6394489999999999,-0.7084600000000001,1.0532701344299096,22.12167,-41.88002,-36.489395,59.78946651589497,0
242,242,-2.422030000000001,4.962966000000001,7.2768630000000005,9.13509693209793,-0.393685,0.34379099999999996,-0.645541,0.8306041858713451,23.36919,-40.698502000000005,-36.500675,59.45406951383337,0
243,243,-2.512606666666667,5.1748449999999995,7.748500999999999,9.650465314294632,-0.317327,0.021254,-0.746334,0.8112722089416105,23.089832,-40.287643,-34.345051,57.75653251777044,0
244,244,-2.382527333333334,4.613428,8.399695,9.874969898601687,-0.12979200000000002,-0.191021,-0.8740040000000001,0.9040010938715728,25.515766,-40.654617,-34.215004,58.94504811011236,0
245,245,-2.400483000000001,3.7503559999999996,8.53616,9.627747208232307,0.019259000000000002,-0.20598699999999998,-0.8168880000000001,0.8426787987092117,25.515766,-40.654617,-34.215004,58.94504811011236,0
246,246,-2.798701333333334,3.235624,8.621149,9.624250719031524,0.125855,-0.25394,-0.501988,0.5764693892731859,24.097545999999998,-42.558395000000004,-34.202553,59.68017543469482,0
247,247,-3.2607623333333344,3.683321,8.853375999999999,10.12826200198743,0.320416,-0.379168,-0.135163,0.5144937529737363,24.858456,-42.831406,-33.133774,59.5845546607831,0
248,248,-3.3637086666666676,4.221993,8.625937,10.175782525890893,0.526277,-0.410322,0.028243,0.6679291066138681,24.40205,-42.550292999999996,-34.205494,59.79969312941651,0
249,249,-3.066840333333334,4.395565,7.957984,9.59458235900037,0.5806439999999999,-0.339767,-0.029177999999999996,0.6733798517248641,25.792744,-42.237686,-32.219852,59.05426847050123,0
250,250,-2.7432380000000003,4.273466,7.613233999999999,9.151458808111196,0.47618599999999994,-0.235614,-0.025513,0.5319003447648817,26.593914,-40.7836,-31.765354,58.134120837462675,0
251,251,-2.7181,4.3644419999999995,7.2768630000000005,8.910059298463338,0.37508800000000003,-0.157118,0.09299500000000001,0.4171632098987158,28.111385,-40.738831,-32.548801,59.23957093364525,0
252,252,-2.8206473333333335,4.743907,6.959645,8.882418788242,0.256886,-0.169946,0.25395700000000004,0.39920698611246774,27.514461999999998,-40.324951,-32.388996,58.58493282568361,0
253,253,-2.8014946666666667,5.286169999999999,7.195464,9.357706332833798,0.106002,-0.10763800000000001,0.297329,0.333506967376995,27.692532,-39.755753000000006,-30.698975,57.356981189901006,0
254,254,-2.6414889999999995,5.689576000000001,7.471982000000001,9.755985557862466,0.001544,-0.010816,0.250292,0.2505303475748996,30.404521999999996,-40.392487,-32.263233,59.97419584876434,0
255,255,-2.4252219999999998,5.811675,7.881373,10.088275790244733,-0.018614,0.07714800000000001,0.225552,0.23910666992787968,29.666752000000002,-39.698822,-31.486832,58.71569834221008,0
256,256,-2.1662603333333332,5.743443,8.010653999999999,10.092095859321711,-0.020141,0.21856399999999998,0.165382,0.2748219203429741,31.821728000000004,-38.928207,-30.738365,58.931101771594754,0
257,257,-1.9815156666666667,5.646482,7.788003,9.821514854724725,-0.0684,0.35692399999999996,0.07192,0.3704669866209403,31.648678000000004,-39.501678000000005,-31.659634000000004,59.70220941453779,0
258,258,-2.0349839999999997,5.550718,7.710195,9.715901251752458,-0.05435,0.351121,0.056037000000000003,0.3596943487323647,32.583324,-38.614670000000004,-31.821841999999997,59.71093174931069,0
259,259,-2.316290333333333,5.587827,7.69583,9.788504016402221,0.015594,0.267433,0.060619000000000006,0.27466023644859844,32.149715,-37.765854,-31.663326,58.84241766203031,0
260,260,-2.542931666666666,5.7290779999999994,7.485149000000001,9.7630062861611,0.053773,0.19046400000000002,0.038322,0.20158533307014181,33.406956,-36.445801,-30.752045000000003,58.22378716125878,0
261,261,-2.665030666666666,5.502836,7.35946,9.567927883756743,0.068739,0.087839,0.068865,0.131084431825446,33.270466,-35.876175,-30.596581,57.707665083395476,0
262,262,-2.698947333333333,5.638103,7.621614,9.857054433841386,0.142349,-0.007456,0.155608,0.21102767449081175,32.453228,-37.316559000000005,-33.511086,59.7388522497701,0
263,263,-2.7057306666666663,5.912227,7.4528289999999995,9.89040275435285,0.226037,-0.029752999999999998,0.1495,0.2726320164214027,32.173190999999996,-37.051926,-30.894276,57.98634088297116,0
264,264,-2.6985483333333327,5.948138,7.200252000000001,9.721426728514912,0.257191,-0.10611099999999998,0.123232,0.3042907830119079,33.074619,-37.457687,-31.057021999999996,58.83491610339573,0
265,265,-2.7532133333333326,5.923,7.345095,9.829167473284269,0.254748,-0.20629299999999998,0.166909,0.3678477397429539,32.906605,-38.035446,-31.209545000000002,59.19100864279951,0
266,266,-2.796306999999999,6.051085,7.395371000000001,9.9562279374829,0.250166,-0.20965300000000003,0.224636,0.39623066572515564,30.941769,-37.806793,-30.114063,57.389924692076214,0
267,267,-2.700941999999999,6.115726,7.179902,9.810615929901854,0.204351,-0.187356,0.224636,0.356823393898158,32.282864000000004,-38.185883000000004,-32.89497,59.85335429057494,0
268,268,-2.4683156666666655,6.22346,7.601264,10.129326285573395,0.222372,-0.21484499999999998,0.235021,0.3883845399214546,30.509838000000002,-36.812607,-30.262981,56.58503572437729,0
269,269,-2.3402316666666656,6.339573000000001,7.602461,10.171739444781283,0.28071,-0.185218,0.19287100000000001,0.38768935278777006,32.172199,-36.610748,-32.739094,58.71324836487879,0
270,270,-2.2588323333333324,6.400623,7.437266999999999,10.06892440767782,0.23031300000000002,-0.111303,0.144307,0.29369532857537933,30.617825,-38.091919,-31.956245000000003,58.39218351229221,0
271,271,-2.2548419999999996,6.233036,7.577322000000001,10.067316371006923,0.138683,-0.000737,0.1214,0.18431353085978253,30.617825,-38.091919,-31.956245000000003,58.39218351229221,0
272,272,-2.2823739999999995,6.23543,7.816732000000001,10.256272106403964,0.15762,0.070734,0.14339100000000002,0.22451802163078136,30.199978,-36.669373,-31.643734000000002,57.07895837238421,0
273,273,-2.3825273333333326,6.206701,7.545002,10.056173674787317,0.25352600000000003,0.034693,0.155914,0.2996468126328061,31.669804,-39.0793,-30.121956,58.630200470016746,0
274,274,-2.435197666666666,6.193534,7.191872999999999,9.798626859566792,0.29628699999999997,-0.011427,0.169353,0.3414630306592501,30.196606,-37.400391,-29.337784000000003,56.314561446421415,0
275,275,-2.448764333333333,6.285705999999999,7.17272,9.84654553013601,0.259024,0.011479999999999999,0.17546099999999998,0.3130683399786698,30.444446999999997,-38.958664,-31.801384000000002,58.7874976344134,0
276,276,-2.3721529999999995,6.343164,7.043438,9.771021351227771,0.203741,0.097307,0.159273,0.27630949288614753,31.243579999999998,-37.943176,-29.963314,57.564277829622526,0
277,277,-2.310305333333333,6.362318,6.7753,9.577123323647474,0.10264200000000001,0.186799,0.105823,0.23796586707761264,31.683231,-38.356827,-30.890403999999997,58.56014312986697,0
278,278,-2.320280666666666,6.1995190000000004,6.802832,9.4919050471279,0.027201,0.157172,0.098187,0.187306217072472,30.955189,-37.08432,-30.882515,57.334110690001516,0
279,279,-2.4343993333333325,6.086996,7.106882000000001,9.668794763571817,0.088287,0.081424,0.153776,0.19511924641357142,29.882061,-37.399947999999995,-30.872345000000003,56.9631053034282,0
280,280,-2.516596666666666,6.219869,7.195464,9.838431345246802,0.145403,0.08906,0.206921,0.26812313635715956,31.655712,-39.507659999999994,-30.583382,59.1462809943319,0
281,281,-2.4511579999999995,6.280918,7.145187,9.824042127793273,0.10539100000000001,0.243304,0.22036,0.34476459925143127,30.147305,-39.119797,-30.107253999999998,57.84172593815601,0
282,282,-2.3306549999999997,6.314435,6.9859800000000005,9.700925659886792,0.058660000000000004,0.32760300000000003,0.234715,0.40725403918684466,31.688259000000002,-38.361098999999996,-30.121655,58.163852820097006,0
283,283,-2.3266649999999998,6.282115,7.021892,9.704911444990831,0.057744000000000004,0.30347399999999997,0.268007,0.4089726033134738,29.976284000000003,-39.695007000000004,-30.721024,58.46411291371213,0
284,284,-2.4340003333333327,6.438929,7.048227000000001,9.851988029491144,0.06263099999999999,0.290035,0.313517,0.43166636731971597,28.95245,-38.291229,-29.941383000000002,56.57692988564889,0
285,285,-2.4902616666666657,6.5765899999999995,7.224193,10.081760942306579,0.097756,0.390217,0.304659,0.504621292561065,30.564487,-40.24823,-31.649646999999998,59.6305964998731,0
286,286,-2.4986409999999992,6.6699589999999995,6.549057,9.675831101141183,0.190302,0.112884,0.268313,0.347777967428933,29.929325,-41.122849,-32.259125,60.228766802899514,0
287,287,-2.3230736666666654,6.747767,6.583772,9.709535750746948,0.145098,-0.129018,0.266786,0.3299603668988141,29.646290000000004,-40.415298,-31.794632,59.35652826107949,0
288,288,-1.9683483333333323,7.275666,7.305592999999999,10.496732824385933,-0.11177100000000001,0.10647000000000001,0.126592,0.1996350465349208,29.157321999999997,-42.161407000000004,-29.945942,59.36744148688486,0
289,289,-1.571326999999999,6.999148,7.419312,10.320045146227654,-0.411706,0.696871,-0.067052,0.8121742373290353,29.835773,-39.121918,-31.180565,58.24882361237417,0
290,290,-1.8358749999999988,6.382668,6.484416,9.28205465804339,-0.47706800000000005,0.72833,-0.10370399999999999,0.8768198133824304,29.206974,-40.148727,-30.252602000000003,58.139380266112305,0
291,291,-2.4092613333333324,6.46287,6.572997999999999,9.527724361944939,-0.485926,0.35386999999999996,0.078945,0.6062840649406844,28.920574,-39.731903,-29.173233000000003,57.149813999375134,0
292,292,-2.874514333333332,6.661580000000001,7.363051,10.337020885029679,-0.451717,0.156866,0.151943,0.5017388417234607,28.866245000000003,-41.447037,-30.711452,59.11269119594961,0
293,293,-2.680592333333332,6.683126,7.803564999999999,10.618162510464154,-0.343289,0.032861,0.150721,0.3763562178083418,30.060078000000004,-42.715073,-29.340003999999997,59.90844335718821,0
